<?xml version="1.0" encoding="UTF-8"?>
<vasut element-type="dataset">
   <allomas element-type="recordset">
      <record element-type="record" id="1">
         <nev is-null="False">Budapest-Keleti</nev>
         <varos is-null="False">Budapest</varos>
         <atlagutas is-null="False">9000</atlagutas>
         <sztrajkutas is-null="False">2000</sztrajkutas>
      </record>
      <record element-type="record" id="2">
         <nev is-null="False">Budapest-Nyugati</nev>
         <varos is-null="False">Budapest</varos>
         <atlagutas is-null="False">9000</atlagutas>
         <sztrajkutas is-null="False">2000</sztrajkutas>
      </record>
      <record element-type="record" id="3">
         <nev is-null="False">Budapest-Déli</nev>
         <varos is-null="False">Budapest</varos>
         <atlagutas is-null="False">9000</atlagutas>
         <sztrajkutas is-null="False">2000</sztrajkutas>
      </record>
      <record element-type="record" id="4">
         <nev is-null="False">Budapest-Kelenföld</nev>
         <varos is-null="False">Budapest</varos>
         <atlagutas is-null="False">9000</atlagutas>
         <sztrajkutas is-null="False">2000</sztrajkutas>
      </record>
      <record element-type="record" id="5">
         <nev is-null="False">Budapest-Ferencváros</nev>
         <varos is-null="False">Budapest</varos>
         <atlagutas is-null="False">9000</atlagutas>
         <sztrajkutas is-null="False">2000</sztrajkutas>
      </record>
   </allomas>
</vasut>
