<?xml version="1.0" encoding="UTF-8"?>
<allomas-lista xmlns:functx="http://www.functx.com"
               xmlns:xs="http://www.w3.org/2001/XMLSchema">
   <allomas id="1">
      <nev>Budapest-Keleti</nev>
      <varos>Budapest</varos>
      <atlagutas>9000</atlagutas>
      <vonatok>
         <vonat vonatszam="213" ind="900"/>
         <vonat vonatszam="214" erk="1650"/>
         <vonat vonatszam="327" ind="1115"/>
         <vonat vonatszam="328" erk="1835"/>
         <vonat vonatszam="469" ind="1115"/>
         <vonat vonatszam="470" erk="1835"/>
         <vonat vonatszam="4581" ind="1315"/>
         <vonat vonatszam="6666" ind="2010"/>
      </vonatok>
   </allomas>
   <allomas id="2">
      <nev>Budapest-Nyugati</nev>
      <varos>Budapest</varos>
      <atlagutas>9000</atlagutas>
      <vonatok>
         <vonat vonatszam="9567" ind="1120"/>
         <vonat vonatszam="2113" ind="1920"/>
      </vonatok>
   </allomas>
   <allomas id="3">
      <nev>Budapest-Déli</nev>
      <varos>Budapest</varos>
      <atlagutas>9000</atlagutas>
      <vonatok>
         <vonat vonatszam="163" ind="1225"/>
         <vonat vonatszam="164" erk="1925"/>
         <vonat vonatszam="553" ind="725"/>
         <vonat vonatszam="554" erk="1425"/>
         <vonat vonatszam="1145" ind="920"/>
         <vonat vonatszam="1146" erk="2100"/>
         <vonat vonatszam="2265" ind="930"/>
         <vonat vonatszam="2266" erk="1605"/>
      </vonatok>
   </allomas>
   <allomas id="4">
      <nev>Budapest-Kelenföld</nev>
      <varos>Budapest</varos>
      <atlagutas>9000</atlagutas>
      <vonatok>
         <vonat vonatszam="213" erk="915" ind="918"/>
         <vonat vonatszam="214" erk="1630" ind="1635"/>
         <vonat vonatszam="327" erk="1130" ind="1137"/>
         <vonat vonatszam="328" erk="1815" ind="1820"/>
         <vonat vonatszam="469" erk="1130" ind="1137"/>
         <vonat vonatszam="470" erk="1815" ind="1820"/>
         <vonat vonatszam="163" erk="1230" ind="1237"/>
         <vonat vonatszam="164" erk="1915" ind="1920"/>
         <vonat vonatszam="553" erk="730" ind="737"/>
         <vonat vonatszam="554" erk="1415" ind="1420"/>
         <vonat vonatszam="4581" erk="1335" ind="1345"/>
      </vonatok>
   </allomas>
   <allomas id="5">
      <nev>Budapest-Ferencváros</nev>
      <varos>Budapest</varos>
      <atlagutas>9000</atlagutas>
      <vonatok>
         <vonat vonatszam="4581" erk="1320" ind="1325"/>
      </vonatok>
   </allomas>
   <allomas id="6">
      <nev>Törökbálint</nev>
      <varos>Törökbálint</varos>
      <atlagutas>6000</atlagutas>
      <vonatok>
         <vonat vonatszam="4581" erk="1400" ind="1403"/>
      </vonatok>
   </allomas>
   <allomas id="7">
      <nev>Biatorbágy</nev>
      <varos>Biatorbágy</varos>
      <atlagutas>6000</atlagutas>
      <vonatok>
         <vonat vonatszam="4581" erk="1418" ind="1420"/>
      </vonatok>
   </allomas>
   <allomas id="8">
      <nev>Bicske</nev>
      <varos>Bicske</varos>
      <atlagutas>6000</atlagutas>
      <vonatok>
         <vonat vonatszam="4581" erk="1432" ind="1434"/>
      </vonatok>
   </allomas>
   <allomas id="9">
      <nev>Tatabánya</nev>
      <varos>Tatabánya</varos>
      <atlagutas>9000</atlagutas>
      <vonatok>
         <vonat vonatszam="327" erk="1223" ind="1226"/>
         <vonat vonatszam="328" erk="1731" ind="1734"/>
         <vonat vonatszam="469" erk="1223" ind="1226"/>
         <vonat vonatszam="470" erk="1731" ind="1734"/>
         <vonat vonatszam="163" erk="1323" ind="1326"/>
         <vonat vonatszam="164" erk="1831" ind="1834"/>
         <vonat vonatszam="553" erk="823" ind="826"/>
         <vonat vonatszam="554" erk="1331" ind="1334"/>
         <vonat vonatszam="4581" erk="1449" ind="1457"/>
      </vonatok>
   </allomas>
   <allomas id="10">
      <nev>Vértesszőlős</nev>
      <varos>Vértesszőlős</varos>
      <atlagutas>1000</atlagutas>
      <vonatok>
         <vonat vonatszam="4581" erk="1510" ind="1514"/>
      </vonatok>
   </allomas>
   <allomas id="11">
      <nev>Tata</nev>
      <varos>Tata</varos>
      <atlagutas>9000</atlagutas>
      <vonatok>
         <vonat vonatszam="4581" erk="1522" ind="1527"/>
      </vonatok>
   </allomas>
   <allomas id="12">
      <nev>Almásfüzitő</nev>
      <varos>Almásfüzitő</varos>
      <atlagutas>2000</atlagutas>
      <vonatok>
         <vonat vonatszam="4581" erk="1540" ind="1542"/>
      </vonatok>
   </allomas>
   <allomas id="13">
      <nev>Komárom</nev>
      <varos>Komárom</varos>
      <atlagutas>9000</atlagutas>
      <vonatok>
         <vonat vonatszam="327" erk="1242" ind="1245"/>
         <vonat vonatszam="328" erk="1655" ind="1658"/>
         <vonat vonatszam="469" erk="1242" ind="1245"/>
         <vonat vonatszam="470" erk="1655" ind="1658"/>
         <vonat vonatszam="163" erk="1342" ind="1345"/>
         <vonat vonatszam="164" erk="1755" ind="1758"/>
         <vonat vonatszam="553" erk="842" ind="845"/>
         <vonat vonatszam="554" erk="1255" ind="1258"/>
         <vonat vonatszam="4581" erk="1557" ind="1600"/>
      </vonatok>
   </allomas>
   <allomas id="14">
      <nev>Ács</nev>
      <varos>Ács</varos>
      <atlagutas>1500</atlagutas>
      <vonatok>
         <vonat vonatszam="4581" erk="1608" ind="1610"/>
      </vonatok>
   </allomas>
   <allomas id="15">
      <nev>Győr</nev>
      <varos>Győr</varos>
      <atlagutas>9000</atlagutas>
      <vonatok>
         <vonat vonatszam="213" erk="1025" ind="1028"/>
         <vonat vonatszam="214" erk="1535" ind="1540"/>
         <vonat vonatszam="327" erk="1306" ind="1310"/>
         <vonat vonatszam="328" erk="1632" ind="1635"/>
         <vonat vonatszam="469" erk="1306" ind="1310"/>
         <vonat vonatszam="470" erk="1632" ind="1635"/>
         <vonat vonatszam="163" erk="1406"/>
         <vonat vonatszam="164" ind="1735"/>
         <vonat vonatszam="553" erk="906"/>
         <vonat vonatszam="554" ind="1235"/>
         <vonat vonatszam="4581" erk="1625" ind="1640"/>
         <vonat vonatszam="2265" erk="1030" ind="1036"/>
         <vonat vonatszam="2266" erk="1500" ind="1505"/>
      </vonatok>
   </allomas>
   <allomas id="16">
      <nev>Hegyeshalom</nev>
      <varos>Hegyeshalom</varos>
      <atlagutas>1700</atlagutas>
      <vonatok>
         <vonat vonatszam="213" erk="1043" ind="1045"/>
         <vonat vonatszam="214" erk="1500" ind="1502"/>
      </vonatok>
   </allomas>
   <allomas id="17">
      <nev>Wien-Südbahnhof</nev>
      <varos>Bécs</varos>
      <atlagutas>9000</atlagutas>
      <vonatok>
         <vonat vonatszam="213" erk="1145"/>
         <vonat vonatszam="214" ind="1400"/>
      </vonatok>
   </allomas>
   <allomas id="18">
      <nev>Enese</nev>
      <varos>Enese</varos>
      <atlagutas>1000</atlagutas>
      <vonatok>
         <vonat vonatszam="4581" erk="1703" ind="1705"/>
      </vonatok>
   </allomas>
   <allomas id="19">
      <nev>Eternitgyár</nev>
      <varos>Lábatlan</varos>
      <atlagutas>2000</atlagutas>
      <vonatok>
         <vonat vonatszam="4581" erk="1713" ind="1716"/>
      </vonatok>
   </allomas>
   <allomas id="20">
      <nev>Csorna</nev>
      <varos>Csorna</varos>
      <atlagutas>1000</atlagutas>
      <vonatok>
         <vonat vonatszam="327" erk="1338" ind="1340"/>
         <vonat vonatszam="328" erk="1600" ind="1605"/>
         <vonat vonatszam="469" erk="1338" ind="1340"/>
         <vonat vonatszam="470" erk="1600" ind="1605"/>
         <vonat vonatszam="4581" erk="1732" ind="1735"/>
      </vonatok>
   </allomas>
   <allomas id="21">
      <nev>Kapuvár</nev>
      <varos>Kapuvár</varos>
      <atlagutas>1000</atlagutas>
      <vonatok>
         <vonat vonatszam="4581" erk="1755" ind="1803"/>
      </vonatok>
   </allomas>
   <allomas id="22">
      <nev>Fertőszentmiklós</nev>
      <varos>Fertőszentmiklós</varos>
      <atlagutas>1000</atlagutas>
      <vonatok>
         <vonat vonatszam="4581" erk="1814" ind="1816"/>
      </vonatok>
   </allomas>
   <allomas id="23">
      <nev>Balf</nev>
      <varos>Balf</varos>
      <atlagutas>1000</atlagutas>
      <vonatok>
         <vonat vonatszam="4581" erk="1830" ind="1832"/>
      </vonatok>
   </allomas>
   <allomas id="24">
      <nev>Sopron</nev>
      <varos>Sopron</varos>
      <atlagutas>9000</atlagutas>
      <vonatok>
         <vonat vonatszam="327" erk="1420"/>
         <vonat vonatszam="328" ind="1520"/>
         <vonat vonatszam="469" erk="1420"/>
         <vonat vonatszam="470" ind="1520"/>
         <vonat vonatszam="4581" erk="1847"/>
         <vonat vonatszam="1145" erk="1530"/>
         <vonat vonatszam="1146" ind="1550"/>
         <vonat vonatszam="2265" erk="1150" ind="1155"/>
         <vonat vonatszam="2266" erk="1340" ind="1345"/>
      </vonatok>
   </allomas>
   <allomas id="25">
      <nev>Dunakeszi</nev>
      <varos>Dunakeszi</varos>
      <atlagutas>3000</atlagutas>
      <vonatok>
         <vonat vonatszam="9567" erk="1145" ind="1200"/>
      </vonatok>
   </allomas>
   <allomas id="26">
      <nev>Göd</nev>
      <varos>Göd</varos>
      <atlagutas>2500</atlagutas>
      <vonatok>
         <vonat vonatszam="9567" erk="1223" ind="1230"/>
         <vonat vonatszam="2113" erk="1923" ind="1930"/>
      </vonatok>
   </allomas>
   <allomas id="27">
      <nev>Sződliget</nev>
      <varos>Sződliget</varos>
      <atlagutas>1500</atlagutas>
      <vonatok>
         <vonat vonatszam="9567" erk="1250" ind="1300"/>
      </vonatok>
   </allomas>
   <allomas id="28">
      <nev>Vác</nev>
      <varos>Vác</varos>
      <atlagutas>3000</atlagutas>
      <vonatok>
         <vonat vonatszam="9567" erk="1320" ind="1335"/>
         <vonat vonatszam="2113" erk="2020" ind="2035"/>
      </vonatok>
   </allomas>
   <allomas id="29">
      <nev>Verőcemaros</nev>
      <varos>Verőcemaros</varos>
      <atlagutas>2000</atlagutas>
      <vonatok>
         <vonat vonatszam="9567" erk="1400" ind="1410"/>
         <vonat vonatszam="2113" erk="2100" ind="2110"/>
      </vonatok>
   </allomas>
   <allomas id="30">
      <nev>Nagymaros</nev>
      <varos>Nagymaros</varos>
      <atlagutas>1500</atlagutas>
      <vonatok>
         <vonat vonatszam="9567" erk="1440" ind="1443"/>
      </vonatok>
   </allomas>
   <allomas id="31">
      <nev>Zebegény</nev>
      <varos>Zebegény</varos>
      <atlagutas>1000</atlagutas>
      <vonatok>
         <vonat vonatszam="9567" erk="1507" ind="1510"/>
         <vonat vonatszam="2113" erk="2145"/>
      </vonatok>
   </allomas>
   <allomas id="32">
      <nev>Szob</nev>
      <varos>Szob</varos>
      <atlagutas>2300</atlagutas>
      <vonatok>
         <vonat vonatszam="9567" erk="1535"/>
      </vonatok>
   </allomas>
   <allomas id="33">
      <nev>Debrecen</nev>
      <varos>Debrecen</varos>
      <atlagutas>9000</atlagutas>
      <vonatok>
         <vonat vonatszam="6666" erk="2245"/>
      </vonatok>
   </allomas>
   <allomas id="34">
      <nev>Elhagyatott</nev>
      <varos>Elhagyatott</varos>
      <atlagutas>0</atlagutas>
      <vonatok/>
   </allomas>
   <allomas id="35">
      <nev>Kisalföld szervíz</nev>
      <varos/>
      <atlagutas>0</atlagutas>
      <vonatok/>
   </allomas>
   <allomas id="36">
      <nev>Szervíz</nev>
      <varos/>
      <atlagutas>0</atlagutas>
      <vonatok/>
   </allomas>
   <allomas id="37">
      <nev>Székesfehérvár</nev>
      <varos>Székesfehérvár</varos>
      <atlagutas>8000</atlagutas>
      <vonatok>
         <vonat vonatszam="1145" erk="1010" ind="1015"/>
         <vonat vonatszam="1146" erk="1955" ind="2000"/>
      </vonatok>
   </allomas>
   <allomas id="38">
      <nev>Siófok</nev>
      <varos>Siófok</varos>
      <atlagutas>6000</atlagutas>
      <vonatok>
         <vonat vonatszam="1145" erk="1115" ind="1120"/>
         <vonat vonatszam="1146" erk="1900" ind="1905"/>
      </vonatok>
   </allomas>
   <allomas id="39">
      <nev>Keszthely</nev>
      <varos>Keszthely</varos>
      <atlagutas>5000</atlagutas>
      <vonatok>
         <vonat vonatszam="1145" erk="1215" ind="1225"/>
         <vonat vonatszam="1146" erk="1750" ind="1800"/>
      </vonatok>
   </allomas>
   <allomas id="40">
      <nev>Zalaegerszeg</nev>
      <varos>Zalaegerszeg</varos>
      <atlagutas>8000</atlagutas>
      <vonatok>
         <vonat vonatszam="1145" erk="1358" ind="1403"/>
         <vonat vonatszam="1146" erk="1715" ind="1720"/>
      </vonatok>
   </allomas>
   <allomas id="41">
      <nev>Szombathely</nev>
      <varos>Szombathely</varos>
      <atlagutas>9000</atlagutas>
      <vonatok>
         <vonat vonatszam="1145" erk="1445" ind="1450"/>
         <vonat vonatszam="1146" erk="1630" ind="1635"/>
         <vonat vonatszam="2265" erk="1235"/>
         <vonat vonatszam="2266" ind="1300"/>
      </vonatok>
   </allomas>
</allomas-lista>
