<?xml version="1.0" encoding="UTF-8"?>
<szall element-type="dataset">
   <orders element-type="recordset">
      <record element-type="record" order_id="2017/000003">
         <description is-null="False">építőanyag</description>
         <vehicle_type is-null="False">D</vehicle_type>
         <quantity is-null="False">20000</quantity>
         <origin is-null="False">Milánó (IT)</origin>
         <destination is-null="False">Szeged (HU)</destination>
         <order_date is-null="False" date="2017-01-14" time="00:00:00"/>
         <deadline_date is-null="False" date="2017-03-21" time="12:00:00"/>
         <comment_text is-null="True"/>
      </record>
      <record element-type="record" order_id="2017/000005">
         <description is-null="False">bútoralapanyag</description>
         <vehicle_type is-null="False">D</vehicle_type>
         <quantity is-null="False">30000</quantity>
         <origin is-null="False">Varsó (PL)</origin>
         <destination is-null="False">Debrecen (HU)</destination>
         <order_date is-null="False" date="2017-01-31" time="00:00:00"/>
         <deadline_date is-null="False" date="2017-02-22" time="12:00:00"/>
         <comment_text is-null="True"/>
      </record>
      <record element-type="record" order_id="2017/000006">
         <description is-null="False">élelmiszer &lt;ital&gt;</description>
         <vehicle_type is-null="False">D</vehicle_type>
         <quantity is-null="False">20000</quantity>
         <origin is-null="False">Prága (CZ)</origin>
         <destination is-null="False">Zágráb (HR)</destination>
         <order_date is-null="False" date="2017-01-31" time="00:00:00"/>
         <deadline_date is-null="False" date="2017-05-01" time="12:00:00"/>
         <comment_text is-null="True"/>
      </record>
      <record element-type="record" order_id="2017/000011">
         <description is-null="False">műszaki cikk</description>
         <vehicle_type is-null="False">C</vehicle_type>
         <quantity is-null="False">20000</quantity>
         <origin is-null="False">Bécs (AT)</origin>
         <destination is-null="False">Kassa (SK)</destination>
         <order_date is-null="False" date="2017-01-05" time="00:00:00"/>
         <deadline_date is-null="False" date="2017-02-10" time="12:00:00"/>
         <comment_text is-null="True"/>
      </record>
      <record element-type="record" order_id="2017/000012">
         <description is-null="False">papíráru, &lt;nyers&gt;</description>
         <vehicle_type is-null="False">C</vehicle_type>
         <quantity is-null="False">34000</quantity>
         <origin is-null="False">Prága (CZ)</origin>
         <destination is-null="False">Belgrád (RS)</destination>
         <order_date is-null="False" date="2017-01-21" time="00:00:00"/>
         <deadline_date is-null="False" date="2017-03-08" time="12:00:00"/>
         <comment_text is-null="True"/>
      </record>
      <record element-type="record" order_id="2017/000022">
         <description is-null="False">üzemanyag</description>
         <vehicle_type is-null="False">T</vehicle_type>
         <quantity is-null="False">42000</quantity>
         <origin is-null="False">Kolozsvár (RO)</origin>
         <destination is-null="False">Milánó (IT)</destination>
         <order_date is-null="False" date="2017-01-18" time="00:00:00"/>
         <deadline_date is-null="False" date="2017-03-12" time="12:00:00"/>
         <comment_text is-null="True"/>
      </record>
      <record element-type="record" order_id="2017/000033">
         <description is-null="False">sertés</description>
         <vehicle_type is-null="False">L</vehicle_type>
         <quantity is-null="False">20000</quantity>
         <origin is-null="False">Szeged (HU)</origin>
         <destination is-null="False">Berlin (DE)</destination>
         <order_date is-null="False" date="2017-02-28" time="00:00:00"/>
         <deadline_date is-null="False" date="2017-04-13" time="12:00:00"/>
         <comment_text is-null="True"/>
      </record>
   </orders>
</szall>
