<?xml version="1.0" encoding="UTF-8"?>
<orders xmlns:functx="http://www.functx.com"
        xmlns:xs="http://www.w3.org/2001/XMLSchema">
   <order id="2017/000001">
      <description>bútor</description>
      <quantity>10000</quantity>
      <deadline_date>2017-05-10</deadline_date>
      <shipments>
         <shipment vehicle_id="0" arrival_date="2017-01-06"/>
         <shipment vehicle_id="0" arrival_date="2017-01-07"/>
      </shipments>
   </order>
   <order id="2017/000002">
      <description>építőanyag</description>
      <quantity>8000</quantity>
      <deadline_date>2017-04-11</deadline_date>
      <shipments>
         <shipment vehicle_id="0" arrival_date="2017-01-09"/>
      </shipments>
   </order>
   <order id="2017/000003">
      <description>építőanyag</description>
      <quantity>20000</quantity>
      <deadline_date>2017-03-21</deadline_date>
      <shipments>
         <shipment vehicle_id="2" arrival_date="2017-01-15"/>
         <shipment vehicle_id="2" arrival_date="2017-01-16"/>
      </shipments>
   </order>
   <order id="2017/000004">
      <description>élelmiszer &lt;tartós&gt;</description>
      <quantity>15000</quantity>
      <deadline_date>2017-04-12</deadline_date>
      <shipments>
         <shipment vehicle_id="1" arrival_date="2017-02-11"/>
         <shipment vehicle_id="1" arrival_date="2017-04-12"/>
      </shipments>
   </order>
   <order id="2017/000005">
      <description>bútoralapanyag</description>
      <quantity>30000</quantity>
      <deadline_date>2017-02-22</deadline_date>
      <shipments>
         <shipment vehicle_id="0" arrival_date="2017-02-04"/>
         <shipment vehicle_id="0" arrival_date="2017-02-06"/>
         <shipment vehicle_id="0" arrival_date="2017-02-21"/>
         <shipment vehicle_id="0" arrival_date="2017-02-22"/>
      </shipments>
   </order>
   <order id="2017/000006">
      <description>élelmiszer &lt;ital&gt;</description>
      <quantity>20000</quantity>
      <deadline_date>2017-05-01</deadline_date>
      <shipments>
         <shipment vehicle_id="2" arrival_date="2017-04-30"/>
      </shipments>
   </order>
   <order id="2017/000011">
      <description>műszaki cikk</description>
      <quantity>20000</quantity>
      <deadline_date>2017-02-10</deadline_date>
      <shipments>
         <shipment vehicle_id="10" arrival_date="2017-01-08"/>
      </shipments>
   </order>
   <order id="2017/000012">
      <description>papíráru, &lt;nyers&gt;</description>
      <quantity>34000</quantity>
      <deadline_date>2017-03-08</deadline_date>
      <shipments>
         <shipment vehicle_id="10" arrival_date="2017-01-23"/>
         <shipment vehicle_id="10" arrival_date="2017-03-08"/>
      </shipments>
   </order>
   <order id="2017/000013">
      <description>vegyi áru (festék&amp;higító)</description>
      <quantity>12000</quantity>
      <deadline_date>2017-04-10</deadline_date>
      <shipments>
         <shipment vehicle_id="10" arrival_date="2017-01-27"/>
      </shipments>
   </order>
   <order id="2017/000021">
      <description>üzemanyag</description>
      <quantity>16000</quantity>
      <deadline_date>2017-03-16</deadline_date>
      <shipments>
         <shipment vehicle_id="21" arrival_date="2017-03-16"/>
      </shipments>
   </order>
   <order id="2017/000022">
      <description>üzemanyag</description>
      <quantity>42000</quantity>
      <deadline_date>2017-03-12</deadline_date>
      <shipments>
         <shipment vehicle_id="20" arrival_date="2017-01-22"/>
         <shipment vehicle_id="20" arrival_date="2017-01-26"/>
         <shipment vehicle_id="20" arrival_date="2017-03-07"/>
         <shipment vehicle_id="20" arrival_date="2017-03-12"/>
      </shipments>
   </order>
   <order id="2017/000031">
      <description>baromfi</description>
      <quantity>16000</quantity>
      <deadline_date>2017-04-12</deadline_date>
      <shipments>
         <shipment vehicle_id="30" arrival_date="2017-04-12"/>
      </shipments>
   </order>
   <order id="2017/000032">
      <description>versenyló</description>
      <quantity>4000</quantity>
      <deadline_date>2017-02-28</deadline_date>
      <shipments>
         <shipment vehicle_id="30" arrival_date="2017-04-13"/>
      </shipments>
   </order>
   <order id="2017/000033">
      <description>sertés</description>
      <quantity>20000</quantity>
      <deadline_date>2017-04-13</deadline_date>
      <shipments/>
   </order>
   <order id="2017/000041">
      <description>használt autó</description>
      <quantity>10</quantity>
      <deadline_date>2017-04-24</deadline_date>
      <shipments>
         <shipment vehicle_id="40" arrival_date="2017-02-26"/>
         <shipment vehicle_id="40" arrival_date="2017-02-26"/>
      </shipments>
   </order>
   <order id="2017/000042">
      <description>hatóságilag lefoglalt járművek</description>
      <quantity>15</quantity>
      <deadline_date>2017-03-12</deadline_date>
      <shipments>
         <shipment vehicle_id="40" arrival_date="2017-02-05"/>
         <shipment vehicle_id="40" arrival_date="2017-02-08"/>
         <shipment vehicle_id="41" arrival_date="2017-02-08"/>
         <shipment vehicle_id="41" arrival_date="2017-02-14"/>
      </shipments>
   </order>
</orders>
